,Unnamed: 0,structure_id,slab_num,well_id,slab_type,structure_acronym,structure_name,polygon_id,mri_voxel_x,mri_voxel_y,mri_voxel_z,mni_x,mni_y,mni_z,mni_nlin_x,mni_nlin_y,mni_nlin_z,donor,sample,position_along_hipp_AP_axis
0,19,4263,17,5707,CX,CA1,"CA1 field, right",1001646,77,89,116,19.5,-42.4,4.3,21.8763854439636,-42.36325962250329,4.71040157447649,10021,20,86
1,20,4264,17,5715,CX,CA2,"CA2 field, right",1001641,75,86,115,21.7,-41.2,7.7,23.89915152018869,-40.87905050008351,8.17652375258519,10021,21,86
2,21,4265,17,5723,CX,CA3,"CA3 field, right",1001496,76,86,115,20.6,-41.2,7.7,22.7032247142092,-40.994059738762296,8.301460324065731,10021,22,86
3,22,4266,17,5731,CX,CA4,"CA4 field, right",1001475,76,87,115,20.6,-41.2,6.6,22.928778680352,-41.054804183158495,7.1418313847951,10021,23,86
4,23,4267,17,5739,CX,DG,"dentate gyrus, right",998739,75,87,115,21.8,-41.2,6.6,24.1153671122647,-40.9621189176104,7.018703969322621,10021,24,86
5,524,4258,13,5905,CX,DG,"dentate gyrus, left",1027911,119,104,92,-27.7,-17.6,-15.8,-30.0606350359133,-17.0080064110538,-17.8044033676114,10021,525,109
6,525,4257,13,5897,CX,CA4,"CA4 field, left",1029991,118,104,92,-26.6,-17.6,-15.8,-28.8096343532304,-17.1528906505442,-17.827364663501,10021,526,109
7,526,4255,13,5889,CX,CA2,"CA2 field, left",1027904,117,100,92,-25.5,-17.4,-11.1,-27.75552464784869,-17.6193227313503,-13.099762012605801,10021,527,107
8,527,4254,13,5881,CX,CA1,"CA1 field, left",1027902,122,106,91,-31.0,-16.7,-18.2,-33.6341148679169,-15.5689710607605,-20.3622306463433,10021,528,110
9,528,4251,13,5873,CX,S,"subiculum, left",1027901,114,109,91,-22.0,-16.6,-21.8,-23.591102156211505,-15.5657002662322,-23.6572108843748,10021,529,111
10,531,4258,15,5828,CX,DG,"dentate gyrus, left",1013074,117,97,108,-25.3,-34.7,-6.0,-28.284227630071697,-34.6420967357865,-7.79344620378316,10021,532,92
11,532,4257,15,5820,CX,CA4,"CA4 field, left",1013076,116,97,108,-24.2,-34.7,-6.0,-27.235160685939398,-34.3738572130365,-7.60124555636757,10021,533,92
12,533,4256,15,5812,CX,CA3,"CA3 field, left",1013075,118,97,108,-26.4,-34.8,-6.0,-29.333853241469694,-34.886643849321,-7.97516084423433,10021,534,93
13,534,4254,15,5796,CX,CA1,"CA1 field, left",1013078,119,99,108,-27.5,-34.9,-8.3,-30.2078439609073,-34.9914082261943,-10.5390343008422,10021,535,93
14,535,4251,15,5788,CX,S,"subiculum, left",1013079,111,98,108,-18.6,-34.7,-7.1,-21.6633317617316,-33.5465043756204,-8.24955544830881,10021,536,93
15,538,4263,15,5772,CX,CA1,"CA1 field, right",1025433,73,100,105,24.0,-30.8,-9.7,26.2105291755412,-30.3310771019664,-10.817126570260902,10021,539,96
16,544,4267,15,5811,CX,DG,"dentate gyrus, right",1011787,75,97,105,21.7,-30.7,-6.2,23.4128125485144,-30.298052965631104,-7.60648415113929,10021,545,94
17,545,4266,15,5803,CX,CA4,"CA4 field, right",1011834,74,98,105,22.9,-30.7,-7.4,24.6988474370733,-30.219962037119604,-8.589005659911692,10021,546,95
18,546,4265,15,5795,CX,CA3,"CA3 field, right",1011789,72,98,105,25.1,-30.7,-7.4,27.076019779894896,-30.1593164001575,-8.53988342125017,10021,547,94
19,547,4264,15,5857,CX,CA2,"CA2 field, right",1011790,69,98,105,28.5,-30.6,-7.4,30.8623778911378,-30.2686817282312,-8.72433620504084,10021,548,95
20,548,4263,15,5787,CX,CA1,"CA1 field, right",1011791,74,100,105,22.9,-30.8,-9.7,25.059511945552,-30.2617582986963,-10.6953406786101,10021,549,96
21,557,4258,14,5786,CX,DG,"dentate gyrus, left",1007812,119,98,102,-27.6,-28.3,-7.7,-30.1650136488218,-27.5741419288225,-9.27463606631708,10021,558,98
22,558,4254,14,5849,CX,CA1,"CA1 field, left",1007815,122,99,102,-31.0,-28.4,-8.9,-33.93669640440509,-27.645685952628607,-10.624294776358001,10021,559,98
23,559,4251,14,5841,CX,S,"subiculum, left",1007816,114,99,103,-22.0,-29.3,-8.8,-24.505261023939696,-28.683210571554696,-10.597178860532699,10021,560,98
24,561,4267,14,5825,CX,DG,"dentate gyrus, right",1009274,69,106,94,28.4,-18.9,-17.9,30.378493485701103,-19.658867630443197,-19.1700819292586,10021,562,107
25,562,4266,14,5817,CX,CA4,"CA4 field, right",1009275,68,106,94,29.5,-18.9,-17.9,31.639286835340094,-19.4606627665742,-19.1158989539267,10021,563,107
26,563,4265,14,5809,CX,CA3,"CA3 field, right",1009273,67,106,94,30.6,-18.9,-17.9,32.89856757095411,-19.3047553806402,-19.0884514678912,10021,564,107
27,564,4264,14,5801,CX,CA2,"CA2 field, right",1009276,65,105,94,32.9,-18.8,-16.7,35.50092887491791,-18.861229174629397,-17.764363608247002,10021,565,107
28,565,4263,14,5793,CX,CA1,"CA1 field, right",1009277,65,107,94,32.9,-18.9,-19.0,35.39235731553261,-19.295419401988198,-20.4771783039495,10021,566,107
29,566,4260,14,5785,CX,S,"subiculum, right",1009278,73,108,94,23.9,-19.1,-20.2,25.427167706458807,-20.09042740473789,-21.701029686213303,10021,567,106
30,647,4267,13,7065,CX,DG,"dentate gyrus, right",1025587,71,106,91,26.1,-15.7,-18.2,27.694690610730802,-16.9244480511335,-19.636356541528606,10021,648,109
31,729,4265,16,7376,CX,CA3,"CA3 field, right",1032337,80,99,108,16.2,-34.1,-8.3,18.191103488315,-33.560473387906896,-8.98314534318963,10021,730,93
32,735,4256,16,7421,CX,CA3,"CA3 field, left",1025259,116,95,111,-24.2,-37.9,-3.3,-27.315603648912607,-38.7630486967457,-5.49340593610225,10021,736,91
33,753,4264,16,7368,CX,CA2,"CA2 field, right",1032306,76,98,108,20.7,-34.0,-7.1,22.754570585195694,-33.3653792735362,-7.83518037240718,10021,754,93
34,780,4254,16,7405,CX,CA1,"CA1 field, left",1025261,116,98,112,-24.1,-39.1,-6.7,-26.643432534194893,-39.9687852681123,-8.970303806882841,10021,781,91
35,781,4255,16,7413,CX,CA2,"CA2 field, left",1025260,118,95,112,-26.4,-39.1,-3.2,-29.131239903234896,-40.0881753111416,-5.70977851790314,10021,782,89
36,782,4257,16,7429,CX,CA4,"CA4 field, left",1025284,115,96,111,-23.0,-37.9,-4.5,-26.140404326264896,-38.63926450818779,-6.59187622661825,10021,783,91
37,783,4258,16,7437,CX,DG,"dentate gyrus, left",1025285,114,96,111,-21.9,-37.9,-4.5,-25.095828721354998,-38.2533526570001,-6.317119891657961,10021,784,91
38,793,4251,16,7397,CX,S,"subiculum, left",1025262,111,98,110,-18.5,-36.9,-6.9,-21.7146187099972,-35.77392886244429,-7.94797155553282,10021,794,91
39,871,4264,13,7073,CX,CA2,"CA2 field, right",1025580,70,103,91,27.2,-15.6,-14.6,28.8596828623106,-16.889587610695,-16.105829961133498,10021,872,107
40,872,4266,13,7081,CX,CA4,"CA4 field, right",1025582,70,106,91,27.2,-15.7,-18.2,28.936770432237488,-16.6694014816244,-19.4977144527938,10021,873,109
41,875,4256,13,7010,CX,CA3,"CA3 field, left",1029979,117,102,92,-25.5,-17.5,-13.4,-27.661061987719197,-17.6157031393003,-15.5289129730939,10021,876,108
42,887,4260,13,7009,CX,S,"subiculum, right",1026201,75,110,91,21.7,-15.9,-22.9,22.7741685763802,-16.8249032526187,-24.6313966782626,10021,888,109
43,888,4263,13,7017,CX,CA1,"CA1 field, right",1025579,75,104,91,21.6,-15.7,-15.8,22.3581440236662,-18.197153572931,-17.3263046768073,10021,889,108
44,1016,4258,8,13762,CX,DG,"dentate gyrus, left",1288532,123,108,126,-32.0,-35.0,1.0,-26.206096196112398,-38.9880440138922,-1.99212989551472,12876,124,88
45,1017,4257,8,13754,CX,CA4,"CA4 field, left",1288537,124,107,126,-33.0,-35.0,2.0,-27.0702366552578,-38.7640687425129,-0.838839736475002,12876,125,88
46,1018,4254,8,13730,CX,CA1,"CA1 field, left",1288898,130,112,126,-39.0,-35.0,-3.0,-32.6291313206604,-38.66201894143921,-4.72223672798617,12876,126,89
47,1027,4258,7,13721,CX,DG,"dentate gyrus, left",1278237,121,123,111,-30.0,-20.0,-14.0,-27.7634191784728,-22.5526975256674,-14.6768421430089,12876,135,104
48,1028,4255,7,13697,CX,CA2,"CA2 field, left",1278251,123,121,111,-32.0,-20.0,-12.0,-29.472951507364396,-22.5931623085896,-12.764643450829999,12876,136,103
49,1029,4254,7,13689,CX,CA1,"CA1 field, left",1278252,127,124,111,-36.0,-20.0,-15.0,-33.3809897460399,-22.676629190351488,-15.3250160424737,12876,137,104
50,1073,4256,8,13746,CX,CA3,"CA3 field, left",1288533,123,106,126,-32.0,-35.0,3.0,-26.117554866294398,-38.8252376584672,-0.0516245237556929,12876,181,88
51,1074,4255,8,13738,CX,CA2,"CA2 field, left",1288534,120,101,126,-29.0,-35.0,8.0,-23.2750241552978,-38.6483889551115,4.402805507601,12876,182,88
52,1075,4251,8,13722,CX,S,"subiculum, left",1288900,116,109,126,-25.0,-35.0,0.0,-20.3578716081491,-38.953400610867796,-3.87878840905694,12876,183,89
53,1076,4254,6,13634,CX,CA1,"CA1 field, left",1289062,118,133,100,-27.0,-9.0,-24.0,-28.284005851306,-9.506506726759687,-23.650747422492,12876,184,116
54,1077,4254,6,13626,CX,CA1,"CA1 field, left",1288915,117,133,100,-26.0,-9.0,-24.0,-27.3495052038976,-9.41731479488482,-23.754127435085202,12876,185,116
55,1078,4251,6,13618,CX,S,"subiculum, left",1288914,109,135,100,-18.0,-9.0,-26.0,-19.8954998304206,-9.30126441655648,-26.4790490831292,12876,186,116
56,1086,4256,7,13705,CX,CA3,"CA3 field, left",1278250,120,121,111,-29.0,-20.0,-12.0,-26.8199645983963,-22.5015226997053,-12.7978558171383,12876,194,103
57,1087,4251,7,13681,CX,S,"subiculum, left",1278253,118,129,111,-27.0,-20.0,-20.0,-25.800707779435296,-21.9355649657334,-19.8016913572243,12876,195,105
58,1322,4257,10,139379850,CX,CA4,"CA4 field, left",112954868,121,118,117,-30.0,-26.0,-9.0,-29.733307690583896,-26.0196879776549,-12.2549777534359,14380,67,100
59,1323,4255,10,139379810,CX,CA2,"CA2 field, left",113044491,126,116,117,-35.0,-26.0,-7.0,-33.786987050163305,-25.972972134074997,-8.874284990177651,14380,68,99
60,1325,4257,10,139379764,CX,CA4,"CA4 field, left",113266083,120,118,117,-29.0,-26.0,-9.0,-28.8236635360496,-25.963530315969898,-12.410080104230799,14380,70,100
61,1349,4257,11,139379786,CX,CA4,"CA4 field, left",113213777,115,104,129,-24.0,-38.0,5.0,-22.381445489180496,-37.1947125107395,1.44541167914421,14380,94,88
62,1350,4258,11,139379802,CX,DG,"dentate gyrus, left",112429620,114,105,129,-23.0,-38.0,4.0,-21.595412881467105,-37.2710073226847,0.339741172230493,14380,95,89
63,1352,4256,11,139379906,CX,CA3,"CA3 field, left",113355697,114,104,129,-23.0,-38.0,5.0,-21.4884370035431,-37.0784083775846,1.5321805420789,14380,97,88
64,1449,4256,9,127687558,CX,CA3,"CA3 field, left",113670035,119,125,109,-28.0,-18.0,-16.0,-29.105525645676888,-17.5336900119825,-18.414584193059397,14380,194,109
65,1450,4255,9,127687526,CX,CA2,"CA2 field, left",113667270,124,123,109,-33.0,-18.0,-14.0,-33.4462657145851,-18.1069595275158,-15.8509587594644,14380,195,108
66,1454,4254,9,127687637,CX,CA1,"CA1 field, left",1408736,126,126,109,-35.0,-18.0,-17.0,-36.1983590337625,-18.4024723829052,-18.5634271938117,14380,199,108
67,1750,4257,9,127687542,CX,CA4,"CA4 field, left",113670034,119,126,109,-28.0,-18.0,-17.0,-29.220976786051803,-17.4787111734503,-19.2871372071877,14380,495,109
68,1751,4258,9,127687510,CX,DG,"dentate gyrus, left",1408739,116,126,109,-25.0,-18.0,-17.0,-26.47666461407209,-17.2541379041573,-19.669110252154397,14380,496,109
69,1752,4251,9,127687621,CX,S,"subiculum, left",1408735,115,129,109,-24.0,-18.0,-20.0,-25.765630234327002,-17.3069324863655,-22.4204274932793,14380,497,109
70,1764,4258,10,139379866,CX,DG,"dentate gyrus, left",1406549,121,119,117,-30.0,-26.0,-10.0,-29.8843162491961,-26.1468751085627,-13.271377784195002,14380,509,100
71,1765,4256,10,139379834,CX,CA3,"CA3 field, left",113185243,122,117,117,-31.0,-26.0,-8.0,-30.507749622044606,-25.960402580498705,-11.0203604996193,14380,510,100
72,1766,4254,10,139379794,CX,CA1,"CA1 field, left",113185244,124,121,117,-33.0,-26.0,-12.0,-33.134336383911,-26.3398482986628,-14.648491193217303,14380,511,100
73,1767,4251,10,139379778,CX,S,"subiculum, left",113185245,114,119,117,-23.0,-26.0,-10.0,-23.54153386911649,-25.5779341036974,-13.5141117759894,14380,512,101
74,1779,4256,11,139379770,CX,CA3,"CA3 field, left",113328411,116,104,129,-25.0,-38.0,5.0,-23.290029692706998,-37.3249797859909,1.41410355094954,14380,524,88
75,1781,4254,11,139379737,CX,CA1,"CA1 field, left",113380929,119,108,129,-28.0,-38.0,1.0,-26.559081498729,-38.0776916474736,-3.211566534870569,14380,526,88
76,1782,4251,11,139379717,CX,S,"subiculum, left",113380930,110,108,129,-19.0,-38.0,1.0,-18.211251804487,-37.3089741856234,-2.71826827874921,14380,527,89
77,2050,4258,8,147628345,CX,DG,"dentate gyrus, left",127001454,118,131,107,-27.0,-16.0,-22.0,-24.728000048182807,-14.049826553368499,-20.3790968518968,15496,266,112
78,2053,4251,8,147628196,CX,S,"subiculum, left",127001456,114,138,106,-23.0,-15.0,-29.0,-20.7889058644297,-13.069618914886696,-26.845176317402892,15496,269,113
79,2064,4257,8,147628361,CX,CA4,"CA4 field, left",127001567,117,131,107,-26.0,-16.0,-22.0,-23.6926967805083,-14.0092693736476,-20.3127210389235,15496,280,112
80,2081,4251,10,148955218,CX,S,"subiculum, left",138072210,123,106,131,-32.0,-40.0,3.0,-29.6237843976543,-39.4512110124569,3.2799952600847697,15496,297,88
81,2088,4256,9,148955136,CX,CA3,"CA3 field, left",127589931,127,118,119,-36.0,-28.0,-9.0,-32.949964205949996,-27.525870156717602,-8.40429269017389,15496,304,96
82,2089,4255,9,148955119,CX,CA2,"CA2 field, left",127589930,131,117,119,-40.0,-28.0,-8.0,-36.8191285323256,-28.589399344058197,-8.188310969867999,15496,305,96
83,2090,4251,9,148955278,CX,S,"subiculum, left",138199839,118,124,119,-27.0,-28.0,-15.0,-23.47946993141249,-25.9946626111768,-13.353755067126801,15496,306,101
84,2133,4258,9,148955168,CX,DG,"dentate gyrus, left",127537206,125,120,119,-34.0,-28.0,-11.0,-30.5200461648527,-27.16393304727409,-10.172624010048901,15496,349,99
85,2134,4257,9,148955152,CX,CA4,"CA4 field, left",127589932,125,119,119,-34.0,-28.0,-10.0,-30.707315280241694,-27.2032261461992,-9.275499241761741,15496,350,99
86,2135,4254,9,148955294,CX,CA1,"CA1 field, left",138199757,132,123,119,-41.0,-28.0,-14.0,-36.392771738655796,-28.932689468537692,-13.761546370484801,15496,351,98
87,2148,4256,8,147628198,CX,CA3,"CA3 field, left",127094416,110,129,106,-19.0,-15.0,-20.0,-16.9810920257021,-12.9355522191589,-18.530976242167,15496,364,114
88,2150,4255,8,147628377,CX,CA2,"CA2 field, left",127094417,120,126,107,-29.0,-16.0,-17.0,-27.099831929762,-14.395536412141302,-15.8758759812101,15496,366,108
89,2253,4254,8,147628212,CX,CA1,"CA1 field, left",127004958,124,132,107,-33.0,-16.0,-23.0,-30.9538981905071,-14.4138481334287,-21.9548313582715,15496,469,112
90,2274,4258,8,160091979,CX,DG,"dentate gyrus, left",145964255,120,129,107,-29.0,-16.0,-20.0,-30.748732701035088,-18.6173564005506,-18.3850209237045,15697,20,108
91,2275,4257,8,160091963,CX,CA4,"CA4 field, left",145964256,120,128,107,-29.0,-16.0,-19.0,-30.478007506171604,-18.66363999179091,-17.2934536957552,15697,21,108
92,2276,4255,8,160091931,CX,CA2,"CA2 field, left",145964254,124,125,107,-33.0,-16.0,-16.0,-34.2363599629699,-18.511614113678103,-14.2811097053878,15697,22,105
93,2299,4258,9,160091911,CX,DG,"dentate gyrus, left",148020449,121,122,117,-30.0,-26.0,-13.0,-30.0706946562333,-27.997488580456,-11.444798249568,15697,45,98
94,2300,4251,7,159438961,CX,S,"subiculum, left",147944867,108,139,94,-17.0,-3.0,-30.0,-23.442765824144296,-5.22499420179991,-29.2408573843736,15697,46,119
95,2329,4254,8,160091915,CX,CA1,"CA1 field, left",147066198,123,131,107,-32.0,-16.0,-22.0,-34.1926258587594,-18.291074091633,-20.1365910688377,15697,75,108
96,2346,4255,9,160091863,CX,CA2,"CA2 field, left",148020447,129,121,117,-38.0,-26.0,-12.0,-37.9152396502992,-28.520355382041892,-9.477869630364339,15697,92,97
97,2347,4254,9,160091847,CX,CA1,"CA1 field, left",148020448,126,126,117,-35.0,-26.0,-17.0,-35.37420406163329,-27.74167470956469,-14.6748375133253,15697,93,98
98,2349,4258,10,160091851,CX,DG,"dentate gyrus, left",157086720,106,106,133,-15.0,-42.0,3.0,-14.749522269239199,-43.1382786339892,4.06674572134001,15697,95,87
99,2350,4256,10,160092009,CX,CA3,"CA3 field, left",157086569,109,107,133,-18.0,-42.0,2.0,-17.3697141608219,-43.5456324803154,3.17888470020471,15697,96,87
100,2695,4256,8,160091947,CX,CA3,"CA3 field, left",147066199,121,126,107,-30.0,-16.0,-17.0,-31.013526263210203,-18.5468211182995,-15.075941427218599,15697,441,107
101,2696,4251,8,160091899,CX,S,"subiculum, left",147066197,113,132,107,-22.0,-16.0,-23.0,-23.93570671926989,-18.2074311904313,-21.6946127061866,15697,442,109
102,2737,4257,9,160091895,CX,CA4,"CA4 field, left",148020445,121,121,117,-30.0,-26.0,-12.0,-29.9857579381876,-28.146089155402894,-10.5558126015644,15697,483,98
103,2738,4256,9,160091879,CX,CA3,"CA3 field, left",148020446,124,120,117,-33.0,-26.0,-11.0,-32.915126200016,-28.41052748795189,-9.09984546393627,15697,484,97
104,2739,4251,9,160091831,CX,S,"subiculum, left",148020506,112,121,117,-21.0,-26.0,-12.0,-21.34170416415949,-27.37738547342809,-11.1557056601738,15697,485,99
105,2741,4257,10,160091835,CX,CA4,"CA4 field, left",157086721,106,107,133,-15.0,-42.0,2.0,-14.7124155247893,-43.168980438533794,2.99460685526675,15697,487,87
106,2742,4255,10,160091993,CX,CA2,"CA2 field, left",157086950,111,107,133,-20.0,-42.0,2.0,-19.1012905713042,-43.848362123004996,3.27934754593486,15697,488,88
107,2743,4254,10,160091977,CX,CA1,"CA1 field, left",157086949,103,106,133,-12.0,-42.0,3.0,-12.0310581297789,-42.97664829569849,3.88658068543972,15697,489,88
108,2744,4251,10,160091961,CX,S,"subiculum, left",157086681,102,110,133,-11.0,-42.0,-1.0,-10.62651059786,-43.0595169022753,-1.18863809074533,15697,490,88
109,2745,4254,7,159438977,CX,CA1,"CA1 field, left",156265315,115,135,94,-24.0,-3.0,-26.0,-28.5900310760703,-6.207613802158621,-25.088203084239396,15697,491,117
110,2760,4266,17,2785,CX,CA4,"CA4 field, right",41142,63,104,106,31.1,-31.3,-7.3,32.200550237217996,-29.4025594588723,-9.47711399570634,9861,5,97
111,2761,4267,17,2793,CX,DG,"dentate gyrus, right",41141,63,104,107,31.1,-32.3,-7.1,32.1646440778349,-30.414456535364998,-9.160682064014367,9861,6,95
112,2765,4251,17,2858,CX,S,"subiculum, left",41212,114,108,100,-22.6,-27.4,-13.8,-24.1214994322969,-26.0120289432056,-15.886416586427801,9861,10,100
113,2766,4254,17,2850,CX,CA1,"CA1 field, left",41211,124,107,100,-33.2,-27.4,-12.9,-34.4911030184779,-25.790769982093398,-15.0701142766046,9861,11,101
114,3062,4258,17,2491,CX,DG,"dentate gyrus, left",41207,116,105,100,-24.7,-26.6,-10.6,-25.886155444279197,-24.9105500134165,-12.914626805339804,9861,307,101
115,3066,4260,16,2667,CX,S,"subiculum, right",39174,68,109,98,26.0,-24.5,-14.3,26.8828331987599,-23.023872348313,-17.4549851505926,9861,311,103
116,3067,4263,16,2611,CX,CA1,"CA1 field, right",64946,60,108,97,34.5,-22.9,-13.3,35.8342459839949,-21.5063319011585,-15.823521057762198,9861,312,104
117,3068,4264,16,2604,CX,CA2,"CA2 field, right",55429,65,105,95,29.3,-20.1,-10.6,30.533451110761398,-18.132658977420398,-13.660208741022801,9861,313,102
118,3069,4265,16,2612,CX,CA3,"CA3 field, right",55610,64,108,97,30.3,-23.0,-13.4,31.2626843476782,-21.5238323137167,-16.4176293400785,9861,314,104
119,3070,4266,16,2619,CX,CA4,"CA4 field, right",39211,62,107,96,32.4,-21.6,-12.5,33.6842287610917,-20.015499296481096,-15.200674425828499,9861,315,105
120,3071,4267,16,2627,CX,DG,"dentate gyrus, right",39172,61,107,96,33.5,-21.6,-12.4,34.800681365827195,-20.0414383589832,-15.0665712867721,9861,316,105
121,3139,4264,17,2321,CX,CA2,"CA2 field, right",41144,61,102,105,33.3,-29.6,-5.3,34.611059236593796,-27.6386359743704,-7.444047978427861,9861,384,97
122,3146,4254,15,2474,CX,CA1,"CA1 field, left",41707,120,109,88,-28.6,-15.3,-17.3,-30.0322354976125,-13.1529256281635,-20.287078693248,9861,391,113
123,3265,4251,18,2443,CX,S,"subiculum, left",65158,116,110,102,-24.8,-30.1,-15.6,-26.2391229281198,-28.793313707403,-17.707602635930396,9861,510,98
124,3266,4254,18,2427,CX,CA1,"CA1 field, left",65159,125,106,102,-34.3,-29.2,-11.5,-35.5721760233618,-27.4600386508564,-13.3072984133446,9861,511,99
125,3267,4255,18,2469,CX,CA2,"CA2 field, left",65162,124,103,102,-33.2,-28.4,-8.3,-34.2610595088574,-25.6607570029801,-9.629188411365538,9861,512,99
126,3268,4256,18,2477,CX,CA3,"CA3 field, left",65161,123,103,102,-32.1,-28.3,-8.3,-33.1256227726785,-25.6621257459127,-9.664862090090859,9861,513,99
127,3269,4257,18,2435,CX,CA4,"CA4 field, left",65160,122,104,102,-31.1,-28.6,-9.3,-32.0868335278445,-26.277631273148604,-11.0338327093748,9861,514,99
128,3270,4258,18,2485,CX,DG,"dentate gyrus, left",40629,122,105,102,-31.1,-28.9,-10.4,-32.1754586449318,-26.837517354432997,-12.302325848821301,9861,515,99
129,3272,4251,20,2585,CX,S,"subiculum, left",56094,110,103,110,-18.6,-36.4,-6.4,-20.008841290474,-33.5471028020233,-7.75218261406793,9861,517,92
130,3273,4254,20,2505,CX,CA1,"CA1 field, left",56093,122,104,109,-31.3,-35.9,-7.9,-32.1155567832974,-33.2454806380544,-9.14777466039745,9861,518,93
131,3274,4255,20,2513,CX,CA2,"CA2 field, left",56092,123,101,108,-32.3,-34.1,-4.9,-33.0807517828684,-30.9539226655276,-6.213074387612281,9861,519,93
132,3275,4256,20,2521,CX,CA3,"CA3 field, left",56091,121,101,109,-30.2,-35.1,-4.7,-30.8448744432525,-31.8516035686872,-5.9862725967047306,9861,520,92
133,3276,4257,20,2529,CX,CA4,"CA4 field, left",56090,120,103,109,-29.1,-35.6,-6.8,-29.9351363568056,-32.721599165356004,-8.14197485992266,9861,521,93
134,3277,4258,20,2537,CX,DG,"dentate gyrus, left",56089,119,103,109,-28.1,-35.6,-6.8,-28.892878838242698,-32.6885937338698,-8.16112667888701,9861,522,94
135,3284,4251,16,2517,CX,S,"subiculum, left",82199,116,113,93,-24.6,-21.5,-20.6,-25.9811836601792,-20.337291289154198,-23.3634954244131,9861,529,106
136,3285,4254,16,2580,CX,CA1,"CA1 field, left",82198,123,108,93,-31.9,-20.3,-15.4,-33.3973258359033,-18.263076621703892,-17.6722817153843,9861,530,108
137,3286,4255,16,2581,CX,CA2,"CA2 field, left",82193,119,104,93,-27.7,-19.1,-11.0,-29.054975278642807,-16.8921018967925,-13.314913302628,9861,531,107
138,3287,4256,16,2588,CX,CA3,"CA3 field, left",82196,120,107,93,-28.7,-20.0,-14.2,-30.08041860690709,-18.137842643488096,-16.773357633403002,9861,532,108
139,3288,4257,16,2501,CX,CA4,"CA4 field, left",82195,122,106,93,-30.8,-19.7,-13.2,-32.2639337329366,-17.5586331058159,-15.413294260337999,9861,533,107
140,3289,4258,16,2510,CX,DG,"dentate gyrus, left",81178,121,106,93,-29.8,-19.7,-13.2,-31.1869060330173,-17.646875604417602,-15.512980233037801,9861,534,108
141,3301,4251,19,2572,CX,S,"subiculum, left",39972,110,104,104,-18.5,-30.4,-8.7,-19.5660630221774,-28.1806263022412,-9.9604335796324,9861,546,98
142,3302,4255,19,2541,CX,CA2,"CA2 field, left",39939,124,105,104,-33.2,-31.0,-10.0,-34.4148849321856,-28.9569232742143,-11.7016580564835,9861,547,98
143,3303,4256,19,2549,CX,CA3,"CA3 field, left",39938,123,104,104,-32.2,-30.7,-8.9,-33.1953777109703,-28.33060570860709,-10.502450828170801,9861,548,98
144,3304,4257,19,2557,CX,CA4,"CA4 field, left",39937,122,104,104,-31.1,-30.7,-8.9,-32.0740641228318,-28.3092355038224,-10.5571730659598,9861,549,98
145,3305,4258,19,2532,CX,DG,"dentate gyrus, left",39936,121,103,103,-30.0,-29.3,-8.0,-30.8834865167416,-26.806708868610702,-9.665851283614339,9861,550,99
146,3310,4260,19,2587,CX,S,"subiculum, right",39548,67,105,107,26.9,-32.7,-8.3,27.723846055825,-30.8021779612463,-10.5387121914355,9861,555,95
147,3311,4263,19,2562,CX,CA1,"CA1 field, right",39547,62,105,108,32.1,-33.6,-8.0,33.04096503716549,-31.75368338029209,-9.719316069005961,9861,556,95
148,3312,4264,19,2570,CX,CA2,"CA2 field, right",39478,62,103,109,32.1,-34.1,-5.6,33.330350931995504,-32.0368526217222,-7.369631037578371,9861,557,93
149,3313,4265,19,2578,CX,CA3,"CA3 field, right",39477,63,103,108,31.1,-33.1,-5.9,32.2796658975332,-31.0491174026047,-7.814958479432629,9861,558,95
150,3314,4266,19,2586,CX,CA4,"CA4 field, right",39475,64,104,108,30.0,-33.4,-6.9,31.050298023010697,-31.4285396570182,-8.97183215827662,9861,559,95
151,3315,4267,19,2515,CX,DG,"dentate gyrus, right",39439,63,104,108,31.1,-33.4,-6.9,32.1207900845977,-31.4196187462178,-8.85043740010018,9861,560,95
152,3329,4251,15,2411,CX,S,"subiculum, left",41706,113,112,88,-21.3,-16.0,-20.4,-22.7085634116208,-14.7414568559428,-23.5577342234771,9861,574,112
153,3336,4255,17,2467,CX,CA2,"CA2 field, left",41209,121,104,100,-30.0,-26.5,-9.7,-31.0042224373344,-24.2744205099447,-11.623877121831901,9861,581,101
154,3337,4256,17,2475,CX,CA3,"CA3 field, left",41210,119,104,100,-27.8,-26.4,-9.6,-28.836512301634198,-24.445479335404,-11.856682404543701,9861,582,101
155,3338,4257,17,2483,CX,CA4,"CA4 field, left",41208,118,105,100,-26.8,-26.7,-10.7,-27.8699640762432,-24.885735573341197,-13.0063940526157,9861,583,102
156,3529,4264,20,2322,CX,CA2,"CA2 field, right",38729,64,100,111,30.0,-35.4,-2.1,31.4592795098273,-32.937015193330495,-3.9584300776816295,9861,774,93
157,3541,4260,18,2355,CX,S,"subiculum, right",64893,73,105,107,20.5,-32.9,-8.4,21.1209764079148,-30.795417020019894,-10.5148430999454,9861,786,96
158,3542,4265,18,2315,CX,CA3,"CA3 field, right",64891,63,103,107,31.1,-32.1,-6.0,32.3040340595808,-30.0298490533328,-8.117259459628,9861,787,95
159,3543,4266,18,2323,CX,CA4,"CA4 field, right",40614,64,105,107,30.0,-32.7,-8.2,30.991822203325402,-30.792707579111696,-10.285816581665301,9861,788,95
160,3544,4267,18,2331,CX,DG,"dentate gyrus, right",40613,65,105,107,29.0,-32.7,-8.2,29.9178522200902,-30.8115310193432,-10.405320156883699,9861,789,95
161,3546,4267,20,2346,CX,DG,"dentate gyrus, right",38726,67,101,111,26.8,-35.8,-3.2,27.8363768977162,-33.083465315392104,-5.1511263547234005,9861,791,90
162,3548,4263,20,2314,CX,CA1,"CA1 field, right",38730,63,104,111,31.0,-36.5,-6.3,31.935801318264108,-34.2533050595362,-7.88832175621647,9861,793,92
163,3552,4260,17,2305,CX,S,"subiculum, right",41146,70,105,105,23.8,-30.7,-8.7,24.746114548722485,-28.7338300562586,-11.0549759268035,9861,797,97
164,3553,4263,17,2313,CX,CA1,"CA1 field, right",41145,61,107,106,33.2,-32.1,-10.5,34.024358071695104,-30.578180434291905,-12.284960351538803,9861,798,96
165,3554,4265,17,2329,CX,CA3,"CA3 field, right",41143,64,103,106,30.1,-31.0,-6.3,31.2683123068893,-28.983770089289603,-8.51592905962184,9861,799,97
166,3559,4260,20,2393,CX,S,"subiculum, right",38731,73,103,111,20.4,-36.5,-5.5,20.8570683184334,-33.8803991616983,-7.269067297007282,9861,804,92
167,3560,4263,20,2306,CX,CA1,"CA1 field, right",38730,62,104,111,32.0,-36.5,-6.3,33.0219056668587,-34.2484435023835,-7.76162529519831,9861,805,92
168,3561,4265,20,2330,CX,CA3,"CA3 field, right",38728,66,100,111,27.9,-35.5,-2.1,29.158084084559196,-32.8402057453234,-4.10308012818403,9861,806,90
169,3562,4266,20,2338,CX,CA4,"CA4 field, right",38727,66,101,111,27.8,-35.8,-3.2,28.993716720658302,-33.2297790851478,-5.16388338951515,9861,807,90
