,Unnamed: 0.1,structure_id,slab_num,well_id,slab_type,structure_acronym,structure_name,polygon_id,mri_voxel_x,mri_voxel_y,mri_voxel_z,mni_x,mni_y,mni_z,mni_nlin_x,mni_nlin_y,mni_nlin_z,donor,sample,position_along_hipp_AP_axis,top_100,top_100_600,top_600_2700,top_2700_5k,top_5k_end,top_600,top_2700
0,19,4263,17,5707,CX,CA1,"CA1 field, right",1001646,77,89,116,19.5,-42.4,4.3,21.8763854439636,-42.36325962250329,4.71040157447649,10021,20,86,86.20572882181324,89.14582973553527,91.30404054461856,89.20695397196621,99.11764705882354,87.9874673851316,90.8998108354699
1,20,4264,17,5715,CX,CA2,"CA2 field, right",1001641,75,86,115,21.7,-41.2,7.7,23.89915152018869,-40.87905050008351,8.17652375258519,10021,21,86,87.11104570860194,91.26538418910269,87.13320312829222,86.97625320970306,99.11764705882354,89.38293731036174,87.372217647681
2,21,4265,17,5723,CX,CA3,"CA3 field, right",1001496,76,86,115,20.6,-41.2,7.7,22.7032247142092,-40.994059738762296,8.301460324065731,10021,22,86,85.26933421235634,84.66997984652379,83.80452326444302,83.33192414372142,99.11764705882354,83.62272634854884,83.57559297223698
3,22,4266,17,5731,CX,CA4,"CA4 field, right",1001475,76,87,115,20.6,-41.2,6.6,22.928778680352,-41.054804183158495,7.1418313847951,10021,23,86,86.53550865619732,87.57102655633246,85.54332388865859,86.04267487978461,99.11764705882354,87.30936929525717,85.9770222097787
4,23,4267,17,5739,CX,DG,"dentate gyrus, right",998739,75,87,115,21.8,-41.2,6.6,24.1153671122647,-40.9621189176104,7.018703969322621,10021,24,86,87.32366275980822,88.75817700765982,87.79770791019078,88.53756455069534,99.11764705882354,88.53988473145668,87.36428568696435
5,524,4258,13,5905,CX,DG,"dentate gyrus, left",1027911,119,104,92,-27.7,-17.6,-15.8,-30.0606350359133,-17.0080064110538,-17.8044033676114,10021,525,109,106.50048614237873,108.07789205456768,108.11131042814968,104.02777945830788,99.11764705882354,107.57457509082596,107.50960441887382
6,525,4257,13,5897,CX,CA4,"CA4 field, left",1029991,118,104,92,-26.6,-17.6,-15.8,-28.8096343532304,-17.1528906505442,-17.827364663501,10021,526,109,107.35239148309138,107.2416172610946,107.74621619235216,106.51552768766601,99.11764705882354,106.71832173386025,106.80206563825578
7,526,4255,13,5889,CX,CA2,"CA2 field, left",1027904,117,100,92,-25.5,-17.4,-11.1,-27.75552464784869,-17.6193227313503,-13.099762012605801,10021,527,107,106.65196566754425,107.71505190779784,108.10612494597872,109.25908029050498,99.11764705882354,107.58123802035298,107.43617849052809
8,527,4254,13,5881,CX,CA1,"CA1 field, left",1027902,122,106,91,-31.0,-16.7,-18.2,-33.6341148679169,-15.5689710607605,-20.3622306463433,10021,528,110,108.02745701758508,105.80722818365044,105.45834442499418,103.40212199522612,99.11764705882354,106.45381783069317,106.02948587674315
9,528,4251,13,5873,CX,S,"subiculum, left",1027901,114,109,91,-22.0,-16.6,-21.8,-23.591102156211505,-15.5657002662322,-23.6572108843748,10021,529,111,108.72906427448578,108.29664541730918,108.10363635475397,106.42818985432156,99.11764705882354,108.40279439067051,106.60709385942152
10,531,4258,15,5828,CX,DG,"dentate gyrus, left",1013074,117,97,108,-25.3,-34.7,-6.0,-28.284227630071697,-34.6420967357865,-7.79344620378316,10021,532,92,96.78702080110503,96.14073573380999,94.97427294122448,93.77034593497153,99.11764705882354,96.0001455787563,95.84427836040439
11,532,4257,15,5820,CX,CA4,"CA4 field, left",1013076,116,97,108,-24.2,-34.7,-6.0,-27.235160685939398,-34.3738572130365,-7.60124555636757,10021,533,92,94.72165146457377,95.77231344006941,94.41397840596663,94.62901614318426,99.11764705882354,95.2681901297423,94.49740201430498
12,533,4256,15,5812,CX,CA3,"CA3 field, left",1013075,118,97,108,-26.4,-34.8,-6.0,-29.333853241469694,-34.886643849321,-7.97516084423433,10021,534,93,94.25555226819641,96.4856294582513,96.28442980726678,96.73214453324725,99.11764705882354,95.93104298634734,95.950446539829
13,534,4254,15,5796,CX,CA1,"CA1 field, left",1013078,119,99,108,-27.5,-34.9,-8.3,-30.2078439609073,-34.9914082261943,-10.5390343008422,10021,535,93,92.58530690282052,94.17595737235098,97.09049016497347,94.13292173866459,99.11764705882354,93.68944024874284,95.30479606576733
14,535,4251,15,5788,CX,S,"subiculum, left",1013079,111,98,108,-18.6,-34.7,-7.1,-21.6633317617316,-33.5465043756204,-8.24955544830881,10021,536,93,92.26381910918816,93.9162370606274,94.60699305515892,94.81250925283211,99.11764705882354,95.37586206587511,98.50399152276472
15,538,4263,15,5772,CX,CA1,"CA1 field, right",1025433,73,100,105,24.0,-30.8,-9.7,26.2105291755412,-30.3310771019664,-10.817126570260902,10021,539,96,97.09890745824802,98.88195645041631,97.04643509178989,97.32913207812456,99.11764705882354,98.18703186340362,97.54743460386612
16,544,4267,15,5811,CX,DG,"dentate gyrus, right",1011787,75,97,105,21.7,-30.7,-6.2,23.4128125485144,-30.298052965631104,-7.60648415113929,10021,545,94,97.43578508080667,95.9932373260256,98.7546243110725,97.54824944337406,99.11764705882354,96.33230501967766,96.72419528668469
17,545,4266,15,5803,CX,CA4,"CA4 field, right",1011834,74,98,105,22.9,-30.7,-7.4,24.6988474370733,-30.219962037119604,-8.589005659911692,10021,546,95,96.020788867946,97.71170628938977,95.7833292549724,96.99129717656173,99.11764705882354,97.28081996723168,96.20245027371215
18,546,4265,15,5795,CX,CA3,"CA3 field, right",1011789,72,98,105,25.1,-30.7,-7.4,27.076019779894896,-30.1593164001575,-8.53988342125017,10021,547,94,97.28916019139568,98.03406075535048,98.9391040112471,98.78409955277962,99.11764705882354,98.80642322316075,98.60415774380972
19,547,4264,15,5857,CX,CA2,"CA2 field, right",1011790,69,98,105,28.5,-30.6,-7.4,30.8623778911378,-30.2686817282312,-8.72433620504084,10021,548,95,98.63162739551964,96.54508727389471,96.69293805349862,99.59851781853561,99.11764705882354,96.94671846938478,97.00821541556446
20,548,4263,15,5787,CX,CA1,"CA1 field, right",1011791,74,100,105,22.9,-30.8,-9.7,25.059511945552,-30.2617582986963,-10.6953406786101,10021,549,96,99.47499966241138,98.34379746722648,98.71184785857689,99.13637649955558,99.11764705882354,98.74095903397196,98.7874515740494
21,557,4258,14,5786,CX,DG,"dentate gyrus, left",1007812,119,98,102,-27.6,-28.3,-7.7,-30.1650136488218,-27.5741419288225,-9.27463606631708,10021,558,98,102.90269689376022,101.83290007083659,100.48065275267498,99.86923693376906,99.11764705882354,101.71340135473403,101.21525156210868
22,558,4254,14,5849,CX,CA1,"CA1 field, left",1007815,122,99,102,-31.0,-28.4,-8.9,-33.93669640440509,-27.645685952628607,-10.624294776358001,10021,559,98,100.68477313926607,100.77963829993853,100.79473759502629,100.22530537474385,99.11764705882354,100.77098256666592,100.8205650408349
23,559,4251,14,5841,CX,S,"subiculum, left",1007816,114,99,103,-22.0,-29.3,-8.8,-24.505261023939696,-28.683210571554696,-10.597178860532699,10021,560,98,103.9413037325566,103.57474355147636,101.78433722705432,100.60760721459596,99.11764705882354,103.2463956744433,101.86003104455183
24,561,4267,14,5825,CX,DG,"dentate gyrus, right",1009274,69,106,94,28.4,-18.9,-17.9,30.378493485701103,-19.658867630443197,-19.1700819292586,10021,562,107,102.35112598435778,101.03589663527892,101.57783338320645,100.83452951511848,99.11764705882354,101.00171619889817,100.74822108197665
25,562,4266,14,5817,CX,CA4,"CA4 field, right",1009275,68,106,94,29.5,-18.9,-17.9,31.63928683534009,-19.4606627665742,-19.1158989539267,10021,563,107,102.18744775734734,100.98874307787194,100.40277518594209,100.04910510002469,99.11764705882354,100.64409795138091,100.06239320152416
26,563,4265,14,5809,CX,CA3,"CA3 field, right",1009273,67,106,94,30.6,-18.9,-17.9,32.89856757095411,-19.3047553806402,-19.0884514678912,10021,564,107,103.2297818065631,102.36695706866544,100.97815306977539,99.85701522899372,99.11764705882354,102.69473469178179,101.79082296678692
27,564,4264,14,5801,CX,CA2,"CA2 field, right",1009276,65,105,94,32.9,-18.8,-16.7,35.50092887491791,-18.861229174629397,-17.764363608247002,10021,565,107,99.07857509844912,97.98304370478569,98.51862187244751,97.69833322552708,99.11764705882354,97.93212480712126,97.6950533682201
28,565,4263,14,5793,CX,CA1,"CA1 field, right",1009277,65,107,94,32.9,-18.9,-19.0,35.39235731553261,-19.295419401988198,-20.4771783039495,10021,566,107,101.06612459937735,99.7167866315264,99.0007987480844,102.70311435369639,99.11764705882354,99.68394708608993,99.70526241996049
29,566,4260,14,5785,CX,S,"subiculum, right",1009278,73,108,94,23.9,-19.1,-20.2,25.427167706458807,-20.09042740473789,-21.701029686213303,10021,567,106,104.62505688236304,103.7693299796559,102.00052293286892,100.84027431295102,99.11764705882354,103.07546850817764,101.45560696288453
30,647,4267,13,7065,CX,DG,"dentate gyrus, right",1025587,71,106,91,26.1,-15.7,-18.2,27.694690610730802,-16.9244480511335,-19.63635654152861,10021,648,109,107.32093042064396,107.6559898292455,107.2098754839248,104.3799981582938,99.11764705882354,107.35000726629994,106.43064169524261
31,729,4265,16,7376,CX,CA3,"CA3 field, right",1032337,80,99,108,16.2,-34.1,-8.3,18.191103488315,-33.560473387906896,-8.98314534318963,10021,730,93,91.80051217130476,91.43949905368471,93.23586125287788,95.90283839182442,99.11764705882354,92.22548148102025,92.066174277342
32,735,4256,16,7421,CX,CA3,"CA3 field, left",1025259,116,95,111,-24.2,-37.9,-3.3,-27.31560364891261,-38.7630486967457,-5.49340593610225,10021,736,91,90.66872523762879,93.93194856931039,91.77316131759588,93.43831416973826,99.11764705882354,93.6147977212304,91.99628060607125
33,753,4264,16,7368,CX,CA2,"CA2 field, right",1032306,76,98,108,20.7,-34.0,-7.1,22.75457058519569,-33.3653792735362,-7.83518037240718,10021,754,93,93.0880576529367,94.53014746201873,93.6325688185017,95.33707430085093,99.11764705882354,94.5984571307713,93.13904693327423
34,780,4254,16,7405,CX,CA1,"CA1 field, left",1025261,116,98,112,-24.1,-39.1,-6.7,-26.64343253419489,-39.9687852681123,-8.970303806882841,10021,781,91,93.89102382769458,92.44820575930147,92.5777900598057,94.16744623866778,99.11764705882354,91.84902899022909,91.62444503591124
35,781,4255,16,7413,CX,CA2,"CA2 field, left",1025260,118,95,112,-26.4,-39.1,-3.2,-29.131239903234896,-40.0881753111416,-5.70977851790314,10021,782,89,91.09667435870901,94.81571190107495,93.75498180444758,95.23956771477316,99.11764705882354,93.54553962975162,92.42882526899926
36,782,4257,16,7429,CX,CA4,"CA4 field, left",1025284,115,96,111,-23.0,-37.9,-4.5,-26.140404326264896,-38.63926450818779,-6.59187622661825,10021,783,91,93.48338243114135,94.36841900825685,92.83999623024683,93.01271762228274,99.11764705882354,94.47864471831303,92.5271358723307
37,783,4258,16,7437,CX,DG,"dentate gyrus, left",1025285,114,96,111,-21.9,-37.9,-4.5,-25.095828721354998,-38.2533526570001,-6.317119891657961,10021,784,91,91.74524470205223,89.45064451668539,90.8847634399708,92.21010995377448,99.11764705882354,90.1189170837208,89.11857559858683
38,793,4251,16,7397,CX,S,"subiculum, left",1025262,111,98,110,-18.5,-36.9,-6.9,-21.7146187099972,-35.77392886244429,-7.9479715555328205,10021,794,91,95.43153205030046,97.89723639284955,95.16735346616909,95.66170585003331,99.11764705882354,97.42386417161156,95.4901796362824
39,871,4264,13,7073,CX,CA2,"CA2 field, right",1025580,70,103,91,27.2,-15.6,-14.6,28.8596828623106,-16.889587610695,-16.105829961133498,10021,872,107,106.06153782446137,106.29629975549095,103.94784040840578,102.46495685483973,99.11764705882354,107.01800983940527,105.12870732629499
40,872,4266,13,7081,CX,CA4,"CA4 field, right",1025582,70,106,91,27.2,-15.7,-18.2,28.936770432237488,-16.6694014816244,-19.4977144527938,10021,873,109,105.81278630446042,104.95682355564223,105.95741945140213,106.23747521859038,99.11764705882354,104.23587361715508,103.60311907212179
41,875,4256,13,7010,CX,CA3,"CA3 field, left",1029979,117,102,92,-25.5,-17.5,-13.4,-27.661061987719197,-17.6157031393003,-15.5289129730939,10021,876,108,107.26678153639146,107.39826738367753,106.27361419552452,103.9856176161792,99.11764705882354,107.49502823191038,106.60668629654933
42,887,4260,13,7009,CX,S,"subiculum, right",1026201,75,110,91,21.7,-15.9,-22.9,22.7741685763802,-16.8249032526187,-24.6313966782626,10021,888,109,108.30003580314298,109.14118394133773,107.7871678906907,107.073931156924,99.11764705882354,108.73894483799036,106.67088911983424
43,888,4263,13,7017,CX,CA1,"CA1 field, right",1025579,75,104,91,21.6,-15.7,-15.8,22.3581440236662,-18.197153572931,-17.3263046768073,10021,889,108,111.79851890056355,112.4468804463599,108.90656251469436,109.5680756908908,99.11764705882354,112.34543750198033,108.77333273941682
44,1016,4258,8,13762,CX,DG,"dentate gyrus, left",1288532,123,108,126,-32.0,-35.0,1.0,-26.206096196112398,-38.9880440138922,-1.99212989551472,12876,124,88,88.50203257075886,85.80400054801753,85.77015517415336,86.87609042876788,99.11764705882354,85.7471712698516,86.10268233948892
45,1017,4257,8,13754,CX,CA4,"CA4 field, left",1288537,124,107,126,-33.0,-35.0,2.0,-27.0702366552578,-38.7640687425129,-0.838839736475002,12876,125,88,91.30081463924854,91.90625527223888,91.09142528653108,92.36638407920535,99.11764705882354,90.83821873578704,91.3475614889423
46,1018,4254,8,13730,CX,CA1,"CA1 field, left",1288898,130,112,126,-39.0,-35.0,-3.0,-32.6291313206604,-38.66201894143921,-4.72223672798617,12876,126,89,92.04441979722809,94.73273134872306,93.71910089970804,92.89349901947976,99.11764705882354,94.29143603462067,94.44351740305015
47,1027,4258,7,13721,CX,DG,"dentate gyrus, left",1278237,121,123,111,-30.0,-20.0,-14.0,-27.7634191784728,-22.5526975256674,-14.6768421430089,12876,135,104,106.64465949704908,106.88968952266671,107.56277704654602,104.91034761609903,99.11764705882354,106.02384754863837,107.90036529494438
48,1028,4255,7,13697,CX,CA2,"CA2 field, left",1278251,123,121,111,-32.0,-20.0,-12.0,-29.472951507364396,-22.5931623085896,-12.764643450829999,12876,136,103,101.67060405098007,98.53945977730189,99.07398728872866,100.13568746493637,99.11764705882354,98.29980365442906,99.06670943259523
49,1029,4254,7,13689,CX,CA1,"CA1 field, left",1278252,127,124,111,-36.0,-20.0,-15.0,-33.3809897460399,-22.676629190351488,-15.3250160424737,12876,137,104,101.40189059094034,104.31378555229931,106.03952556926525,105.50991304746151,99.11764705882354,103.51342620735853,105.08232402070688
50,1073,4256,8,13746,CX,CA3,"CA3 field, left",1288533,123,106,126,-32.0,-35.0,3.0,-26.117554866294398,-38.8252376584672,-0.0516245237556929,12876,181,88,88.71065078687656,88.52290176059142,88.89987586169548,91.34203292441202,99.11764705882354,87.45034023091328,88.64516882750307
51,1074,4255,8,13738,CX,CA2,"CA2 field, left",1288534,120,101,126,-29.0,-35.0,8.0,-23.2750241552978,-38.6483889551115,4.402805507601,12876,182,88,88.17160457037043,94.44876954061225,90.53040147364497,92.28541960420539,99.11764705882354,91.59953102247225,90.337704310968
52,1075,4251,8,13722,CX,S,"subiculum, left",1288900,116,109,126,-25.0,-35.0,0.0,-20.3578716081491,-38.953400610867796,-3.87878840905694,12876,183,89,94.39047573805249,96.70990697270196,98.0626167992586,96.97769199415727,99.11764705882354,96.13423512554822,98.17078981441955
53,1076,4254,6,13634,CX,CA1,"CA1 field, left",1289062,118,133,100,-27.0,-9.0,-24.0,-28.284005851306,-9.506506726759687,-23.650747422492,12876,184,116,114.60869498112889,110.68317974680649,113.38569456732179,112.2407479202669,99.11764705882354,111.26020641805994,111.9842627165363
54,1077,4254,6,13626,CX,CA1,"CA1 field, left",1288915,117,133,100,-26.0,-9.0,-24.0,-27.3495052038976,-9.41731479488482,-23.754127435085202,12876,185,116,113.27152655825657,111.13118291772057,114.04765589518026,115.71763838394503,99.11764705882354,111.98454394050623,112.94535927499675
55,1078,4251,6,13618,CX,S,"subiculum, left",1288914,109,135,100,-18.0,-9.0,-26.0,-19.8954998304206,-9.30126441655648,-26.4790490831292,12876,186,116,112.42613239689204,112.66684282119607,115.65884410018823,115.11457722179091,99.11764705882354,112.3008423653603,113.91945203894804
56,1086,4256,7,13705,CX,CA3,"CA3 field, left",1278250,120,121,111,-29.0,-20.0,-12.0,-26.8199645983963,-22.5015226997053,-12.7978558171383,12876,194,103,107.0408146968097,107.51726339317202,103.94517796554119,104.04858939793023,99.11764705882354,107.60791077985299,107.44820373594789
57,1087,4251,7,13681,CX,S,"subiculum, left",1278253,118,129,111,-27.0,-20.0,-20.0,-25.800707779435296,-21.9355649657334,-19.8016913572243,12876,195,105,103.42035616019955,104.7460743567375,103.34878538463757,101.17150092381229,99.11764705882354,104.15647283883314,103.5795946034126
58,1322,4257,10,139379850,CX,CA4,"CA4 field, left",112954868,121,118,117,-30.0,-26.0,-9.0,-29.733307690583896,-26.0196879776549,-12.2549777534359,14380,67,100,100.70915776208875,99.64561857672456,99.6801752479957,99.9192367817639,99.11764705882354,99.32598167632283,99.77568796607099
59,1323,4255,10,139379810,CX,CA2,"CA2 field, left",113044491,126,116,117,-35.0,-26.0,-7.0,-33.786987050163305,-25.972972134074997,-8.874284990177651,14380,68,99,99.8054526106429,95.14274781445225,97.48375189063744,97.81803113366614,99.11764705882354,96.00919570463682,97.22515836347526
60,1325,4257,10,139379764,CX,CA4,"CA4 field, left",113266083,120,118,117,-29.0,-26.0,-9.0,-28.8236635360496,-25.963530315969898,-12.410080104230799,14380,70,100,99.080188246827,100.00762950239762,99.25274943854957,100.67659704668087,99.11764705882354,98.87762759787786,99.36338803228537
61,1349,4257,11,139379786,CX,CA4,"CA4 field, left",113213777,115,104,129,-24.0,-38.0,5.0,-22.381445489180496,-37.1947125107395,1.44541167914421,14380,94,88,91.37149846534004,90.60396759904862,90.01848251265992,91.7109241658921,99.11764705882354,90.8129802927557,91.16208440899952
62,1350,4258,11,139379802,CX,DG,"dentate gyrus, left",112429620,114,105,129,-23.0,-38.0,4.0,-21.595412881467105,-37.2710073226847,0.339741172230493,14380,95,89,92.23259980884704,90.00814976562275,90.04659567106515,90.75045865954932,99.11764705882354,90.22724202690904,90.96182858806813
63,1352,4256,11,139379906,CX,CA3,"CA3 field, left",113355697,114,104,129,-23.0,-38.0,5.0,-21.4884370035431,-37.0784083775846,1.5321805420789,14380,97,88,87.47505125662423,88.13651853009671,86.95249894625734,89.57605099293004,99.11764705882354,87.86573661282361,87.72616174169809
64,1449,4256,9,127687558,CX,CA3,"CA3 field, left",113670035,119,125,109,-28.0,-18.0,-16.0,-29.105525645676888,-17.5336900119825,-18.414584193059397,14380,194,109,111.85780493250076,113.2855995881638,112.5868101770653,110.0794625619213,99.11764705882354,113.51268267136318,113.86910314032738
65,1450,4255,9,127687526,CX,CA2,"CA2 field, left",113667270,124,123,109,-33.0,-18.0,-14.0,-33.4462657145851,-18.1069595275158,-15.8509587594644,14380,195,108,107.24551025757025,103.80047995261612,103.35115298137143,100.93477290424177,99.11764705882354,104.14275340539879,104.63522377312546
66,1454,4254,9,127687637,CX,CA1,"CA1 field, left",1408736,126,126,109,-35.0,-18.0,-17.0,-36.1983590337625,-18.4024723829052,-18.5634271938117,14380,199,108,108.9662210393022,108.32414682537767,107.50626437631857,105.98229265105792,99.11764705882354,107.89608259457927,107.57505278761609
67,1750,4257,9,127687542,CX,CA4,"CA4 field, left",113670034,119,126,109,-28.0,-18.0,-17.0,-29.220976786051803,-17.4787111734503,-19.2871372071877,14380,495,109,107.17672290163465,109.30987999925328,107.07842556307448,107.97526830312083,99.11764705882354,108.59963891561914,108.15763595097059
68,1751,4258,9,127687510,CX,DG,"dentate gyrus, left",1408739,116,126,109,-25.0,-18.0,-17.0,-26.47666461407209,-17.2541379041573,-19.669110252154397,14380,496,109,112.9473159540959,110.8843542606954,111.35136557645531,110.96901199330874,99.11764705882354,111.386556363863,112.81094580500692
69,1752,4251,9,127687621,CX,S,"subiculum, left",1408735,115,129,109,-24.0,-18.0,-20.0,-25.765630234327002,-17.3069324863655,-22.4204274932793,14380,497,109,112.06504205379366,106.73228095635238,107.32330066818677,107.14443023937497,99.11764705882354,108.18546046328272,107.66819688353829
70,1764,4258,10,139379866,CX,DG,"dentate gyrus, left",1406549,121,119,117,-30.0,-26.0,-10.0,-29.8843162491961,-26.1468751085627,-13.271377784195002,14380,509,100,98.98457143477484,99.56065449363524,100.94297762778723,96.90808459441521,99.11764705882354,98.9257855887166,100.84357490579305
71,1765,4256,10,139379834,CX,CA3,"CA3 field, left",113185243,122,117,117,-31.0,-26.0,-8.0,-30.50774962204461,-25.960402580498705,-11.0203604996193,14380,510,100,98.66212143382356,98.84388645575763,99.02730196083182,94.69283252361225,99.11764705882354,99.2854137486355,99.6718222348877
72,1766,4254,10,139379794,CX,CA1,"CA1 field, left",113185244,124,121,117,-33.0,-26.0,-12.0,-33.134336383911,-26.3398482986628,-14.648491193217303,14380,511,100,99.45960223192,100.20015294293493,99.58791907173747,99.10649076842992,99.11764705882354,99.8738023943825,100.39159675633636
73,1767,4251,10,139379778,CX,S,"subiculum, left",113185245,114,119,117,-23.0,-26.0,-10.0,-23.54153386911649,-25.5779341036974,-13.5141117759894,14380,512,101,97.2361714690227,98.97405017158212,98.07341944967139,96.6901923584443,99.11764705882354,98.17762504334621,99.03596167551662
74,1779,4256,11,139379770,CX,CA3,"CA3 field, left",113328411,116,104,129,-25.0,-38.0,5.0,-23.290029692706998,-37.3249797859909,1.41410355094954,14380,524,88,87.55271575868407,87.87159628436214,87.42928959887979,89.41541705517452,99.11764705882354,87.66250232452603,88.4930177993449
75,1781,4254,11,139379737,CX,CA1,"CA1 field, left",113380929,119,108,129,-28.0,-38.0,1.0,-26.559081498729,-38.0776916474736,-3.211566534870569,14380,526,88,88.82568183611096,89.58522942029185,89.76194188988346,91.92444383656046,99.11764705882354,89.68750601426187,91.48162185415212
76,1782,4251,11,139379717,CX,S,"subiculum, left",113380930,110,108,129,-19.0,-38.0,1.0,-18.211251804487,-37.3089741856234,-2.71826827874921,14380,527,89,90.52883009976307,94.13549925716082,93.98208909702528,94.68184078683024,99.11764705882354,92.74871660829604,94.82273605513544
77,2050,4258,8,147628345,CX,DG,"dentate gyrus, left",127001454,118,131,107,-27.0,-16.0,-22.0,-24.728000048182807,-14.049826553368499,-20.3790968518968,15496,266,112,111.94927762120633,114.65265868985385,113.60396803682633,114.79425101456934,99.11764705882354,113.96141150187462,112.9678720260907
78,2053,4251,8,147628196,CX,S,"subiculum, left",127001456,114,138,106,-23.0,-15.0,-29.0,-20.7889058644297,-13.069618914886696,-26.845176317402892,15496,269,113,109.21409581442757,103.89143368864976,109.74505903541927,106.70060980819001,99.11764705882354,105.3508434462808,106.42446373679317
79,2064,4257,8,147628361,CX,CA4,"CA4 field, left",127001567,117,131,107,-26.0,-16.0,-22.0,-23.6926967805083,-14.0092693736476,-20.3127210389235,15496,280,112,110.1681021829271,111.15226186443765,111.45851321931069,109.52088944413777,99.11764705882354,109.96876492060613,111.15030455224286
80,2081,4251,10,148955218,CX,S,"subiculum, left",138072210,123,106,131,-32.0,-40.0,3.0,-29.6237843976543,-39.4512110124569,3.2799952600847697,15496,297,88,91.63987649358855,92.01159414867877,90.08635729231351,94.36006572981788,99.11764705882354,91.59834553106249,91.62467677902211
81,2088,4256,9,148955136,CX,CA3,"CA3 field, left",127589931,127,118,119,-36.0,-28.0,-9.0,-32.949964205949996,-27.525870156717602,-8.40429269017389,15496,304,96,98.99618351447403,100.56951540050326,101.63205317871547,99.56488498752508,99.11764705882354,100.33790438253631,101.51813804002292
82,2089,4255,9,148955119,CX,CA2,"CA2 field, left",127589930,131,117,119,-40.0,-28.0,-8.0,-36.8191285323256,-28.589399344058197,-8.188310969867999,15496,305,96,97.12442387505578,95.29787983240907,96.5996856924984,96.18976110860376,99.11764705882354,95.99132128488812,96.51230755570974
83,2090,4251,9,148955278,CX,S,"subiculum, left",138199839,118,124,119,-27.0,-28.0,-15.0,-23.47946993141249,-25.9946626111768,-13.353755067126801,15496,306,101,100.32664610834048,98.10519839796748,99.7384636730493,103.16991329547906,99.11764705882354,98.27119953345715,98.83575840143665
84,2133,4258,9,148955168,CX,DG,"dentate gyrus, left",127537206,125,120,119,-34.0,-28.0,-11.0,-30.5200461648527,-27.16393304727409,-10.172624010048901,15496,349,99,96.57841423480504,99.51655761269336,99.2402981950433,102.80203912150515,99.11764705882354,98.93922722120013,98.83973082846134
85,2134,4257,9,148955152,CX,CA4,"CA4 field, left",127589932,125,119,119,-34.0,-28.0,-10.0,-30.70731528024169,-27.2032261461992,-9.275499241761741,15496,350,99,98.72446052256134,100.39646076068938,102.41280597226742,105.37928548171435,99.11764705882354,99.42399273365946,101.19787813489071
86,2135,4254,9,148955294,CX,CA1,"CA1 field, left",138199757,132,123,119,-41.0,-28.0,-14.0,-36.392771738655796,-28.932689468537692,-13.761546370484801,15496,351,98,100.8626777745829,101.65011616054635,100.14959227951246,101.36809027790787,99.11764705882354,101.26117087473939,101.38536169302238
87,2148,4256,8,147628198,CX,CA3,"CA3 field, left",127094416,110,129,106,-19.0,-15.0,-20.0,-16.9810920257021,-12.9355522191589,-18.530976242167,15496,364,114,111.31191766605485,112.81407192976155,114.26539985093169,111.23142278520601,99.11764705882354,113.39340307914422,114.56815339482652
88,2150,4255,8,147628377,CX,CA2,"CA2 field, left",127094417,120,126,107,-29.0,-16.0,-17.0,-27.099831929762,-14.395536412141302,-15.8758759812101,15496,366,108,108.01406864278742,107.31513620096014,107.63917125130894,107.70628067425056,99.11764705882354,108.48149406027227,108.41247278816928
89,2253,4254,8,147628212,CX,CA1,"CA1 field, left",127004958,124,132,107,-33.0,-16.0,-23.0,-30.9538981905071,-14.4138481334287,-21.9548313582715,15496,469,112,111.07325310183103,111.59331735450615,114.03012750051995,110.39542141042156,99.11764705882354,111.7124850553688,112.53697738833597
90,2274,4258,8,160091979,CX,DG,"dentate gyrus, left",145964255,120,129,107,-29.0,-16.0,-20.0,-30.748732701035088,-18.6173564005506,-18.3850209237045,15697,20,108,110.10148856341904,109.65501399416277,107.48805247752321,107.05684236785851,99.11764705882354,110.77563577421219,109.49177478389606
91,2275,4257,8,160091963,CX,CA4,"CA4 field, left",145964256,120,128,107,-29.0,-16.0,-19.0,-30.478007506171604,-18.66363999179091,-17.2934536957552,15697,21,108,109.03703347869983,107.39785214622985,106.94242809246788,106.75799888066044,99.11764705882354,107.12459787641345,106.96423950562696
92,2276,4255,8,160091931,CX,CA2,"CA2 field, left",145964254,124,125,107,-33.0,-16.0,-16.0,-34.2363599629699,-18.511614113678103,-14.2811097053878,15697,22,105,104.79837372996668,106.08620584289079,107.12915321543187,104.70666500052623,99.11764705882354,106.65773230534087,106.77770260054879
93,2299,4258,9,160091911,CX,DG,"dentate gyrus, left",148020449,121,122,117,-30.0,-26.0,-13.0,-30.0706946562333,-27.997488580456,-11.444798249568,15697,45,98,96.31944530102756,96.4184178670591,97.515346281664,98.65191567161561,99.11764705882354,96.97334190085498,96.90714422757857
94,2300,4251,7,159438961,CX,S,"subiculum, left",147944867,108,139,94,-17.0,-3.0,-30.0,-23.442765824144296,-5.22499420179991,-29.2408573843736,15697,46,119,115.37441120603391,112.59439183443853,110.80489341105817,109.97526223436225,99.11764705882354,113.44588452278549,110.93355655287169
95,2329,4254,8,160091915,CX,CA1,"CA1 field, left",147066198,123,131,107,-32.0,-16.0,-22.0,-34.1926258587594,-18.291074091633,-20.1365910688377,15697,75,108,104.56068981376107,106.5434704007773,105.60471140386694,106.31809779640493,99.11764705882354,105.43150980535664,106.11691643814002
96,2346,4255,9,160091863,CX,CA2,"CA2 field, left",148020447,129,121,117,-38.0,-26.0,-12.0,-37.9152396502992,-28.520355382041892,-9.477869630364339,15697,92,97,95.32302490660855,96.57677093370161,98.04262975274993,93.69146332697463,99.11764705882354,96.33326115006679,97.11687079124654
97,2347,4254,9,160091847,CX,CA1,"CA1 field, left",148020448,126,126,117,-35.0,-26.0,-17.0,-35.37420406163329,-27.74167470956469,-14.6748375133253,15697,93,98,96.40347235937568,98.90365065246912,98.93139488658929,99.7897469808132,99.11764705882354,97.17596752923436,98.60552425013962
98,2349,4258,10,160091851,CX,DG,"dentate gyrus, left",157086720,106,106,133,-15.0,-42.0,3.0,-14.749522269239199,-43.1382786339892,4.06674572134001,15697,95,87,87.08589403956339,88.27409668140331,89.04874242151874,91.34243837358395,99.11764705882354,88.94974958572689,88.93306099129568
99,2350,4256,10,160092009,CX,CA3,"CA3 field, left",157086569,109,107,133,-18.0,-42.0,2.0,-17.3697141608219,-43.5456324803154,3.17888470020471,15697,96,87,87.15602184318044,84.6183749412865,85.52942061405199,86.34375454672107,99.11764705882354,85.44612122978239,86.07540901316446
100,2695,4256,8,160091947,CX,CA3,"CA3 field, left",147066199,121,126,107,-30.0,-16.0,-17.0,-31.013526263210203,-18.5468211182995,-15.075941427218599,15697,441,107,111.67903863781267,110.8800965063472,111.36212315319146,108.70822866497383,99.11764705882354,111.97520884611662,112.42433934520129
101,2696,4251,8,160091899,CX,S,"subiculum, left",147066197,113,132,107,-22.0,-16.0,-23.0,-23.93570671926989,-18.2074311904313,-21.6946127061866,15697,442,109,105.91724460640877,105.08810084366132,104.04517210608086,102.9733728610715,99.11764705882354,105.24633613785936,104.00663676671616
102,2737,4257,9,160091895,CX,CA4,"CA4 field, left",148020445,121,121,117,-30.0,-26.0,-12.0,-29.9857579381876,-28.14608915540289,-10.5558126015644,15697,483,98,97.93474160180953,93.46562985473558,94.5076311565466,98.76160606508583,99.11764705882354,94.4299810261845,94.3786532889125
103,2738,4256,9,160091879,CX,CA3,"CA3 field, left",148020446,124,120,117,-33.0,-26.0,-11.0,-32.915126200016,-28.41052748795189,-9.09984546393627,15697,484,97,99.39267555569687,94.77756715493081,95.71327288688803,94.54857246654824,99.11764705882354,96.34470287592909,96.37490868713425
104,2739,4251,9,160091831,CX,S,"subiculum, left",148020506,112,121,117,-21.0,-26.0,-12.0,-21.341704164159488,-27.37738547342809,-11.1557056601738,15697,485,99,98.83661545776053,98.6488980697452,97.12313710730618,97.8515208689651,99.11764705882354,99.14892566635899,98.33502567542094
105,2741,4257,10,160091835,CX,CA4,"CA4 field, left",157086721,106,107,133,-15.0,-42.0,2.0,-14.7124155247893,-43.168980438533794,2.99460685526675,15697,487,87,87.9701598616072,86.22756017674698,87.04165691725912,88.92407997947355,99.11764705882354,88.2416834611747,87.8207304183943
106,2742,4255,10,160091993,CX,CA2,"CA2 field, left",157086950,111,107,133,-20.0,-42.0,2.0,-19.1012905713042,-43.848362123004996,3.27934754593486,15697,488,88,85.4223078467418,88.2054235748404,86.92697137433292,87.77723636716024,99.11764705882354,86.71935229838319,86.38930549167397
107,2743,4254,10,160091977,CX,CA1,"CA1 field, left",157086949,103,106,133,-12.0,-42.0,3.0,-12.0310581297789,-42.97664829569849,3.88658068543972,15697,489,88,88.84887865776174,88.69279476985002,90.134288241536,92.44754118958426,99.11764705882354,88.84057690737536,91.06819883780481
108,2744,4251,10,160091961,CX,S,"subiculum, left",157086681,102,110,133,-11.0,-42.0,-1.0,-10.62651059786,-43.0595169022753,-1.18863809074533,15697,490,88,91.30300829301638,93.47317938578922,93.05651127035613,94.45184310640416,99.11764705882354,92.77995923873277,93.67678946484575
109,2745,4254,7,159438977,CX,CA1,"CA1 field, left",156265315,115,135,94,-24.0,-3.0,-26.0,-28.5900310760703,-6.207613802158622,-25.088203084239396,15697,491,117,114.98595997752537,116.28556548481468,114.0478521284889,114.27632809370118,99.11764705882354,116.77526760310579,114.68737304666469
110,2760,4266,17,2785,CX,CA4,"CA4 field, right",41142,63,104,106,31.1,-31.3,-7.3,32.200550237217996,-29.4025594588723,-9.47711399570634,9861,5,97,99.08801289005848,99.77975217068163,99.410437829109,94.77606181608937,99.11764705882354,100.78417138760841,99.5184497049437
111,2761,4267,17,2793,CX,DG,"dentate gyrus, right",41141,63,104,107,31.1,-32.3,-7.1,32.1646440778349,-30.414456535364998,-9.160682064014367,9861,6,95,98.10774256106224,98.21966907783789,96.90826308859018,95.84009301995391,99.11764705882354,98.57666845355607,97.1577222130754
112,2765,4251,17,2858,CX,S,"subiculum, left",41212,114,108,100,-22.6,-27.4,-13.8,-24.1214994322969,-26.0120289432056,-15.886416586427801,9861,10,100,100.30868101499496,100.47985146386344,100.32769731378141,99.76591899767666,99.11764705882354,100.87204620663843,100.79373813732134
113,2766,4254,17,2850,CX,CA1,"CA1 field, left",41211,124,107,100,-33.2,-27.4,-12.9,-34.4911030184779,-25.790769982093398,-15.0701142766046,9861,11,101,99.36039668959639,97.89780334793593,97.8289211947758,93.35308190848467,99.11764705882354,99.21601431119012,98.81693801098112
114,3062,4258,17,2491,CX,DG,"dentate gyrus, left",41207,116,105,100,-24.7,-26.6,-10.6,-25.886155444279197,-24.9105500134165,-12.914626805339804,9861,307,101,99.15382659891017,99.44961362874587,99.96948857604718,99.95828179654353,99.11764705882354,99.01859612738484,99.05034842846028
115,3066,4260,16,2667,CX,S,"subiculum, right",39174,68,109,98,26.0,-24.5,-14.3,26.8828331987599,-23.023872348313,-17.4549851505926,9861,311,103,101.65480803926017,99.55575566106371,102.97255912564478,101.0856987403239,99.11764705882354,98.74584878373263,101.89929928161123
116,3067,4263,16,2611,CX,CA1,"CA1 field, right",64946,60,108,97,34.5,-22.9,-13.3,35.8342459839949,-21.5063319011585,-15.823521057762198,9861,312,104,101.99973823376949,101.87633971811668,102.5421593270387,102.41083343989729,99.11764705882354,102.65250774909464,102.9652017688036
117,3068,4264,16,2604,CX,CA2,"CA2 field, right",55429,65,105,95,29.3,-20.1,-10.6,30.533451110761398,-18.132658977420398,-13.660208741022801,9861,313,102,102.95394096202675,103.45282250992335,102.41153861409947,102.94782815566514,99.11764705882354,103.0234451644905,103.1095479307887
118,3069,4265,16,2612,CX,CA3,"CA3 field, right",55610,64,108,97,30.3,-23.0,-13.4,31.2626843476782,-21.5238323137167,-16.4176293400785,9861,314,104,105.11103300907922,105.65251396896554,104.89398127367,104.60929350612042,99.11764705882354,105.78136093701043,105.89307185670211
119,3070,4266,16,2619,CX,CA4,"CA4 field, right",39211,62,107,96,32.4,-21.6,-12.5,33.6842287610917,-20.015499296481096,-15.200674425828499,9861,315,105,104.5849326941059,105.07689777034062,106.13714620094989,108.57366206187069,99.11764705882354,104.47683522392367,105.30722185374394
120,3071,4267,16,2627,CX,DG,"dentate gyrus, right",39172,61,107,96,33.5,-21.6,-12.4,34.800681365827195,-20.0414383589832,-15.0665712867721,9861,316,105,104.11327684300106,107.08580263137694,104.6680420228103,106.95136174171743,99.11764705882354,106.72669090916034,105.75352123461428
121,3139,4264,17,2321,CX,CA2,"CA2 field, right",41144,61,102,105,33.3,-29.6,-5.3,34.611059236593796,-27.6386359743704,-7.444047978427861,9861,384,97,95.99754365214672,96.85451688558216,96.01927304890009,95.38777770544112,99.11764705882354,96.68628037532694,95.8808709078415
122,3146,4254,15,2474,CX,CA1,"CA1 field, left",41707,120,109,88,-28.6,-15.3,-17.3,-30.0322354976125,-13.1529256281635,-20.287078693248,9861,391,113,112.24770017637307,110.014111959218,109.45619559273642,107.27221886633247,99.11764705882354,110.3923634168893,109.24914001608889
123,3265,4251,18,2443,CX,S,"subiculum, left",65158,116,110,102,-24.8,-30.1,-15.6,-26.2391229281198,-28.793313707403,-17.707602635930396,9861,510,98,98.33789518780138,101.5460785508932,101.83092056598558,102.67937243321789,99.11764705882354,101.73845347704872,101.10303966214707
124,3266,4254,18,2427,CX,CA1,"CA1 field, left",65159,125,106,102,-34.3,-29.2,-11.5,-35.5721760233618,-27.4600386508564,-13.3072984133446,9861,511,99,97.87461056732474,93.30287126911921,96.59787636041361,95.70318893669284,99.11764705882354,94.4460768170731,95.89705635935334
125,3267,4255,18,2469,CX,CA2,"CA2 field, left",65162,124,103,102,-33.2,-28.4,-8.3,-34.2610595088574,-25.6607570029801,-9.629188411365538,9861,512,99,99.76752284095913,98.76725146114559,99.2471472710262,98.04062093053786,99.11764705882354,98.82920906831811,98.37437433176768
126,3268,4256,18,2477,CX,CA3,"CA3 field, left",65161,123,103,102,-32.1,-28.3,-8.3,-33.1256227726785,-25.6621257459127,-9.664862090090859,9861,513,99,99.94329223859388,97.99190722402793,100.98445562288721,100.74940670524163,99.11764705882354,97.92000425703544,99.48621820643847
127,3269,4257,18,2435,CX,CA4,"CA4 field, left",65160,122,104,102,-31.1,-28.6,-9.3,-32.0868335278445,-26.277631273148604,-11.0338327093748,9861,514,99,99.18710495197035,96.3282838369603,100.12488597049614,99.57117947267895,99.11764705882354,97.66108379489637,98.97546349395965
128,3270,4258,18,2485,CX,DG,"dentate gyrus, left",40629,122,105,102,-31.1,-28.9,-10.4,-32.1754586449318,-26.837517354432997,-12.302325848821301,9861,515,99,98.95052133975305,97.74282695302071,98.01736980898313,97.49256464606924,99.11764705882354,97.64736744238162,97.09510840589091
129,3272,4251,20,2585,CX,S,"subiculum, left",56094,110,103,110,-18.6,-36.4,-6.4,-20.008841290474,-33.5471028020233,-7.75218261406793,9861,517,92,93.36633842333032,94.03263218959995,93.72702738088783,97.1206654282461,99.11764705882354,93.84257852157754,94.52795586524269
130,3273,4254,20,2505,CX,CA1,"CA1 field, left",56093,122,104,109,-31.3,-35.9,-7.9,-32.1155567832974,-33.2454806380544,-9.14777466039745,9861,518,93,92.77078765956733,91.21989443441562,93.73680746827624,92.35805465568099,99.11764705882354,92.18137653098215,93.28908580404675
131,3274,4255,20,2513,CX,CA2,"CA2 field, left",56092,123,101,108,-32.3,-34.1,-4.9,-33.0807517828684,-30.9539226655276,-6.213074387612281,9861,519,93,100.97979266488231,103.07929913808812,100.20335206854672,98.62533366707245,99.11764705882354,104.38725431820865,101.83102029626379
132,3275,4256,20,2521,CX,CA3,"CA3 field, left",56091,121,101,109,-30.2,-35.1,-4.7,-30.8448744432525,-31.8516035686872,-5.9862725967047306,9861,520,92,92.37348213412294,91.84858882394127,91.1073797022622,93.62480754035953,99.11764705882354,91.7592408003385,91.81892378506
133,3276,4257,20,2529,CX,CA4,"CA4 field, left",56090,120,103,109,-29.1,-35.6,-6.8,-29.9351363568056,-32.721599165356004,-8.14197485992266,9861,521,93,93.12207685969275,93.7166089198237,93.59223072886881,93.19791727465397,99.11764705882354,93.77818889610755,94.01983583721535
134,3277,4258,20,2537,CX,DG,"dentate gyrus, left",56089,119,103,109,-28.1,-35.6,-6.8,-28.892878838242694,-32.6885937338698,-8.16112667888701,9861,522,94,92.29232200999037,92.60542489727244,92.43237434091074,93.32271879876207,99.11764705882354,91.94574705505748,91.91547092791352
135,3284,4251,16,2517,CX,S,"subiculum, left",82199,116,113,93,-24.6,-21.5,-20.6,-25.9811836601792,-20.337291289154198,-23.3634954244131,9861,529,106,108.25451147603073,104.98501754313962,105.46789710231522,104.8124015007462,99.11764705882354,105.25899307576768,105.14995942506188
136,3285,4254,16,2580,CX,CA1,"CA1 field, left",82198,123,108,93,-31.9,-20.3,-15.4,-33.3973258359033,-18.26307662170389,-17.6722817153843,9861,530,108,105.83045608618542,104.8404254932959,102.56956009822129,106.47976894568943,99.11764705882354,104.87665202630792,103.40104898963284
137,3286,4255,16,2581,CX,CA2,"CA2 field, left",82193,119,104,93,-27.7,-19.1,-11.0,-29.054975278642807,-16.8921018967925,-13.314913302628,9861,531,107,104.6486326501074,104.02911735798925,105.05529576423055,102.1724610195123,99.11764705882354,104.02710317677986,104.74739392725525
138,3287,4256,16,2588,CX,CA3,"CA3 field, left",82196,120,107,93,-28.7,-20.0,-14.2,-30.08041860690709,-18.137842643488096,-16.773357633403002,9861,532,108,108.32146316682224,105.79958898114141,105.62541427656713,103.41707962444114,99.11764705882354,107.20636313899863,106.07571887023583
139,3288,4257,16,2501,CX,CA4,"CA4 field, left",82195,122,106,93,-30.8,-19.7,-13.2,-32.2639337329366,-17.5586331058159,-15.413294260337999,9861,533,107,106.1112617934693,105.80926925514213,104.40596716033615,104.88861703630937,99.11764705882354,105.07711229281395,103.80202496842699
140,3289,4258,16,2510,CX,DG,"dentate gyrus, left",81178,121,106,93,-29.8,-19.7,-13.2,-31.1869060330173,-17.646875604417602,-15.512980233037801,9861,534,108,107.03439304675676,108.98138659227493,109.4692499387826,111.09620725901817,99.11764705882354,108.28279138479398,108.6434226667293
141,3301,4251,19,2572,CX,S,"subiculum, left",39972,110,104,104,-18.5,-30.4,-8.7,-19.5660630221774,-28.1806263022412,-9.9604335796324,9861,546,98,100.1653881049148,98.31019717147893,98.62307444133974,98.58109768484476,99.11764705882354,98.649894894332,98.87710061399748
142,3302,4255,19,2541,CX,CA2,"CA2 field, left",39939,124,105,104,-33.2,-31.0,-10.0,-34.4148849321856,-28.9569232742143,-11.7016580564835,9861,547,98,95.97247034630018,95.28635332654179,98.55434276219916,95.84770261711355,99.11764705882354,95.518209287599,96.98957170603217
143,3303,4256,19,2549,CX,CA3,"CA3 field, left",39938,123,104,104,-32.2,-30.7,-8.9,-33.1953777109703,-28.33060570860709,-10.502450828170801,9861,548,98,95.77684771813956,95.46411033403659,96.28384901179996,99.38444299076066,99.11764705882354,95.61419971277816,96.67965504361939
144,3304,4257,19,2557,CX,CA4,"CA4 field, left",39937,122,104,104,-31.1,-30.7,-8.9,-32.0740641228318,-28.3092355038224,-10.5571730659598,9861,549,98,98.00010242081161,96.15134101763488,97.79414363217255,96.91830655522647,99.11764705882354,96.41879994270566,97.03781283425496
145,3305,4258,19,2532,CX,DG,"dentate gyrus, left",39936,121,103,103,-30.0,-29.3,-8.0,-30.8834865167416,-26.806708868610702,-9.665851283614339,9861,550,99,97.02839455621739,96.00075803041959,96.24570445314791,95.94111706612384,99.11764705882354,96.3557290599147,95.64351091986457
146,3310,4260,19,2587,CX,S,"subiculum, right",39548,67,105,107,26.9,-32.7,-8.3,27.723846055825,-30.8021779612463,-10.5387121914355,9861,555,95,92.02509137835834,94.83104202753917,94.10473094068945,97.7487379979116,99.11764705882354,94.24500490444514,95.01290577297824
147,3311,4263,19,2562,CX,CA1,"CA1 field, right",39547,62,105,108,32.1,-33.6,-8.0,33.04096503716549,-31.75368338029209,-9.719316069005961,9861,556,95,94.36186831824769,93.24336598516253,93.34299040079968,95.56084851275784,99.11764705882354,93.4377825781767,93.42720610745374
148,3312,4264,19,2570,CX,CA2,"CA2 field, right",39478,62,103,109,32.1,-34.1,-5.6,33.330350931995504,-32.0368526217222,-7.369631037578371,9861,557,93,93.49391048008256,93.76267280118496,93.4405160301879,95.47027820452513,99.11764705882354,93.00558832708712,92.62805319558343
149,3313,4265,19,2578,CX,CA3,"CA3 field, right",39477,63,103,108,31.1,-33.1,-5.9,32.2796658975332,-31.0491174026047,-7.8149584794326294,9861,558,95,90.7290008106429,92.95504876160486,93.54993592604114,95.12613547913057,99.11764705882354,92.24279804655987,93.34449279323391
150,3314,4266,19,2586,CX,CA4,"CA4 field, right",39475,64,104,108,30.0,-33.4,-6.9,31.050298023010697,-31.4285396570182,-8.97183215827662,9861,559,95,97.5156268440157,94.78125107421664,94.89964114034275,96.15761871964091,99.11764705882354,94.63173548703176,94.51939527001583
151,3315,4267,19,2515,CX,DG,"dentate gyrus, right",39439,63,104,108,31.1,-33.4,-6.9,32.1207900845977,-31.4196187462178,-8.85043740010018,9861,560,95,93.34497974389242,93.26547547267965,94.01762196116552,93.43903117205714,99.11764705882354,93.80159002913283,93.58035969179655
152,3329,4251,15,2411,CX,S,"subiculum, left",41706,113,112,88,-21.3,-16.0,-20.4,-22.7085634116208,-14.7414568559428,-23.5577342234771,9861,574,112,109.7565276468203,106.42132564440594,108.03144620371283,109.49784141983797,99.11764705882354,107.3892661774373,106.98907183846735
153,3336,4255,17,2467,CX,CA2,"CA2 field, left",41209,121,104,100,-30.0,-26.5,-9.7,-31.0042224373344,-24.2744205099447,-11.623877121831901,9861,581,101,100.7418798903114,100.38475573994508,101.5870076398727,100.24218133330731,99.11764705882354,99.98755579513353,100.36832635796388
154,3337,4256,17,2475,CX,CA3,"CA3 field, left",41210,119,104,100,-27.8,-26.4,-9.6,-28.836512301634198,-24.445479335404,-11.856682404543701,9861,582,101,100.07732955617242,100.53424145228634,101.38768025947729,100.37402693706883,99.11764705882354,100.8529111763843,100.88573103102934
155,3338,4257,17,2483,CX,CA4,"CA4 field, left",41208,118,105,100,-26.8,-26.7,-10.7,-27.8699640762432,-24.885735573341197,-13.0063940526157,9861,583,102,99.37150999814934,100.65919817043331,101.2868682397266,102.17176111800948,99.11764705882354,100.9509235982366,100.41223075954944
156,3529,4264,20,2322,CX,CA2,"CA2 field, right",38729,64,100,111,30.0,-35.4,-2.1,31.4592795098273,-32.93701519333049,-3.9584300776816295,9861,774,93,91.29198172763802,93.33102467977112,92.98514741021675,92.97912972699666,99.11764705882354,92.88494473034817,92.3901684271793
157,3541,4260,18,2355,CX,S,"subiculum, right",64893,73,105,107,20.5,-32.9,-8.4,21.1209764079148,-30.79541702001989,-10.5148430999454,9861,786,96,94.9475692119487,96.1398645205159,95.79654565310942,96.21313346610911,99.11764705882354,95.59152670204385,96.07688662864113
158,3542,4265,18,2315,CX,CA3,"CA3 field, right",64891,63,103,107,31.1,-32.1,-6.0,32.3040340595808,-30.0298490533328,-8.117259459628,9861,787,95,94.81660617603367,95.91053057948257,95.5732484799063,100.36204533412518,99.11764705882354,96.03752460323608,96.4312170366457
159,3543,4266,18,2323,CX,CA4,"CA4 field, right",40614,64,105,107,30.0,-32.7,-8.2,30.991822203325402,-30.792707579111696,-10.285816581665301,9861,788,95,94.273409605746,94.74090119426029,93.24177020926386,91.47797879883211,99.11764705882354,95.73447771689823,94.3544187968096
160,3544,4267,18,2331,CX,DG,"dentate gyrus, right",40613,65,105,107,29.0,-32.7,-8.2,29.9178522200902,-30.8115310193432,-10.405320156883699,9861,789,95,93.27483362709569,91.88974763447082,94.53388589136391,94.99035843244742,99.11764705882354,92.4652155730355,92.68807625422559
161,3546,4267,20,2346,CX,DG,"dentate gyrus, right",38726,67,101,111,26.8,-35.8,-3.2,27.8363768977162,-33.083465315392104,-5.1511263547234005,9861,791,90,89.5365776929206,90.48058350466924,89.95375629430696,90.78368938692392,99.11764705882354,90.75278676837227,89.70295784747195
162,3548,4263,20,2314,CX,CA1,"CA1 field, right",38730,63,104,111,31.0,-36.5,-6.3,31.935801318264108,-34.2533050595362,-7.88832175621647,9861,793,92,91.91871727849079,89.93658106251682,92.61888645595096,89.16791089664356,99.11764705882354,91.50396408141138,91.96002983293538
163,3552,4260,17,2305,CX,S,"subiculum, right",41146,70,105,105,23.8,-30.7,-8.7,24.746114548722485,-28.7338300562586,-11.0549759268035,9861,797,97,99.85783592408137,99.79792657178419,98.0373450418934,97.98290080501823,99.11764705882354,99.81778913031678,98.54233657009124
164,3553,4263,17,2313,CX,CA1,"CA1 field, right",41145,61,107,106,33.2,-32.1,-10.5,34.024358071695104,-30.578180434291905,-12.284960351538803,9861,798,96,95.73789133985831,96.36785953830106,95.33349060428834,95.38999715466724,99.11764705882354,97.53942660264042,96.6458110947584
165,3554,4265,17,2329,CX,CA3,"CA3 field, right",41143,64,103,106,30.1,-31.0,-6.3,31.2683123068893,-28.983770089289603,-8.51592905962184,9861,799,97,96.96167243922912,99.06947037302442,98.53421544998223,97.38007497390483,99.11764705882354,99.53440814258826,99.39490690534278
166,3559,4260,20,2393,CX,S,"subiculum, right",38731,73,103,111,20.4,-36.5,-5.5,20.8570683184334,-33.8803991616983,-7.269067297007282,9861,804,92,92.8071293883848,94.82671994595052,92.66468550750001,94.34952862240698,99.11764705882354,93.91005504262353,93.65576833480559
167,3560,4263,20,2306,CX,CA1,"CA1 field, right",38730,62,104,111,32.0,-36.5,-6.3,33.0219056668587,-34.2484435023835,-7.76162529519831,9861,805,92,91.4817112258933,89.15148102821725,90.30998633013223,91.1629385049752,99.11764705882354,89.35908924605845,90.29086923218102
168,3561,4265,20,2330,CX,CA3,"CA3 field, right",38728,66,100,111,27.9,-35.5,-2.1,29.158084084559196,-32.8402057453234,-4.10308012818403,9861,806,90,88.94848915819676,89.70177709738178,89.05484538449807,89.56816084115673,99.11764705882354,89.28194902107737,89.88122354636391
169,3562,4266,20,2338,CX,CA4,"CA4 field, right",38727,66,101,111,27.8,-35.8,-3.2,28.993716720658302,-33.2297790851478,-5.16388338951515,9861,807,90,87.61183598953848,89.76387507833547,90.40804113276656,91.80612784035804,99.11764705882354,90.81482113185446,90.83353870416596
